Workbook

Sheet 요약
A1: 11패턴 매매 시점 전체 목록 - 요약
A2: 코스피200 지수, 2002~2026-09-23, 패턴 단독 시뮬, 장기선 248일. 수치는 "전체" 시트에서 수식으로 집계. 합산 수익률은 지수 1배 건별 수익률의 단순 합(패턴끼리 비교용)이고, 실제 운영(복리, 20% 비중, 2배 ETF)은 "복리운영" 시트.
A4: 패턴 | B4: 이름 | C4: 청산 조건 | D4: 거래 | E4: 승률 | F4: 합산 수익률 | G4: 평균 수익률 | H4: 최고 1건 | I4: 최악 1건 | J4: 손절 건수
A5: 1 | B5: MACD 골든크로스 + 62일선 상승 | C5: MACD 데드크로스 | D5: =COUNTIF(전체!$A$5:$A$807,A5) -> 146 | E5: =IFERROR(COUNTIFS(전체!$A$5:$A$807,A5,전체!$O$5:$O$807,">0")/D5,0) -> 0.46575342 | F5: =SUMIF(전체!$A$5:$A$807,A5,전체!$O$5:$O$807) -> 2.0427257 | G5: =IFERROR(F5/D5,0) -> 0.013991272 | H5: =_xlfn.MAXIFS(전체!$O$5:$O$807,전체!$A$5:$A$807,A5) -> 0.27491759 | I5: =_xlfn.MINIFS(전체!$O$5:$O$807,전체!$A$5:$A$807,A5) -> -0.094248336 | J5: =COUNTIFS(전체!$A$5:$A$807,A5,전체!$M$5:$M$807,"손절*") -> 0
A6: 2 | B6: 20일 신저가 이탈 + 62·248일선 상승 | C6: 종가 > 전일까지 10일 최고가 | D6: =COUNTIF(전체!$A$5:$A$807,A6) -> 60 | E6: =IFERROR(COUNTIFS(전체!$A$5:$A$807,A6,전체!$O$5:$O$807,">0")/D6,0) -> 0.75 | F6: =SUMIF(전체!$A$5:$A$807,A6,전체!$O$5:$O$807) -> 0.73415609 | G6: =IFERROR(F6/D6,0) -> 0.012235935 | H6: =_xlfn.MAXIFS(전체!$O$5:$O$807,전체!$A$5:$A$807,A6) -> 0.18566421 | I6: =_xlfn.MINIFS(전체!$O$5:$O$807,전체!$A$5:$A$807,A6) -> -0.10076801 | J6: =COUNTIFS(전체!$A$5:$A$807,A6,전체!$M$5:$M$807,"손절*") -> 13
A7: 3 | B7: RSI 50 돌파 + 62일선 상승 + 히스토 음수 | C7: RSI < 45 또는 > 75 | D7: =COUNTIF(전체!$A$5:$A$807,A7) -> 94 | E7: =IFERROR(COUNTIFS(전체!$A$5:$A$807,A7,전체!$O$5:$O$807,">0")/D7,0) -> 0.37234043 | F7: =SUMIF(전체!$A$5:$A$807,A7,전체!$O$5:$O$807) -> 1.3113427 | G7: =IFERROR(F7/D7,0) -> 0.013950455 | H7: =_xlfn.MAXIFS(전체!$O$5:$O$807,전체!$A$5:$A$807,A7) -> 0.38802467 | I7: =_xlfn.MINIFS(전체!$O$5:$O$807,전체!$A$5:$A$807,A7) -> -0.061235293 | J7: =COUNTIFS(전체!$A$5:$A$807,A7,전체!$M$5:$M$807,"손절*") -> 0
A8: 4 | B8: 5/21 골든크로스 + 62일선 상승 + 5일 수익 양수 | C8: 5일선 < 21일선 | D8: =COUNTIF(전체!$A$5:$A$807,A8) -> 100 | E8: =IFERROR(COUNTIFS(전체!$A$5:$A$807,A8,전체!$O$5:$O$807,">0")/D8,0) -> 0.4 | F8: =SUMIF(전체!$A$5:$A$807,A8,전체!$O$5:$O$807) -> 2.0065553 | G8: =IFERROR(F8/D8,0) -> 0.020065553 | H8: =_xlfn.MAXIFS(전체!$O$5:$O$807,전체!$A$5:$A$807,A8) -> 0.42251227 | I8: =_xlfn.MINIFS(전체!$O$5:$O$807,전체!$A$5:$A$807,A8) -> -0.10000294 | J8: =COUNTIFS(전체!$A$5:$A$807,A8,전체!$M$5:$M$807,"손절*") -> 1
A9: 5 | B9: 62일선 돌파 + 62일선 상승 + RSI 40~60 | C9: 종가 < 62일선 | D9: =COUNTIF(전체!$A$5:$A$807,A9) -> 106 | E9: =IFERROR(COUNTIFS(전체!$A$5:$A$807,A9,전체!$O$5:$O$807,">0")/D9,0) -> 0.32075472 | F9: =SUMIF(전체!$A$5:$A$807,A9,전체!$O$5:$O$807) -> 1.1756296 | G9: =IFERROR(F9/D9,0) -> 0.011090845 | H9: =_xlfn.MAXIFS(전체!$O$5:$O$807,전체!$A$5:$A$807,A9) -> 0.45100962 | I9: =_xlfn.MINIFS(전체!$O$5:$O$807,전체!$A$5:$A$807,A9) -> -0.048179003 | J9: =COUNTIFS(전체!$A$5:$A$807,A9,전체!$M$5:$M$807,"손절*") -> 0
A10: 6 | B10: 3일 연속 상승 + 62일선 상승 + 히스토 양수 | C10: 종가 < 5일선 | D10: =COUNTIF(전체!$A$5:$A$807,A10) -> 150 | E10: =IFERROR(COUNTIFS(전체!$A$5:$A$807,A10,전체!$O$5:$O$807,">0")/D10,0) -> 0.46666667 | F10: =SUMIF(전체!$A$5:$A$807,A10,전체!$O$5:$O$807) -> 1.2973589 | G10: =IFERROR(F10/D10,0) -> 0.0086490592 | H10: =_xlfn.MAXIFS(전체!$O$5:$O$807,전체!$A$5:$A$807,A10) -> 0.19716822 | I10: =_xlfn.MINIFS(전체!$O$5:$O$807,전체!$A$5:$A$807,A10) -> -0.094248336 | J10: =COUNTIFS(전체!$A$5:$A$807,A10,전체!$M$5:$M$807,"손절*") -> 0
A11: 7 | B11: 3일 연속 하락 + 248일선 위 + 60일 수익 음수 | C11: 종가 > 전일까지 10일 최고가 또는 < 진입일 20일 최저가 | D11: =COUNTIF(전체!$A$5:$A$807,A11) -> 48 | E11: =IFERROR(COUNTIFS(전체!$A$5:$A$807,A11,전체!$O$5:$O$807,">0")/D11,0) -> 0.58333333 | F11: =SUMIF(전체!$A$5:$A$807,A11,전체!$O$5:$O$807) -> 0.9868749 | G11: =IFERROR(F11/D11,0) -> 0.020559894 | H11: =_xlfn.MAXIFS(전체!$O$5:$O$807,전체!$A$5:$A$807,A11) -> 0.22779631 | I11: =_xlfn.MINIFS(전체!$O$5:$O$807,전체!$A$5:$A$807,A11) -> -0.091509019 | J11: =COUNTIFS(전체!$A$5:$A$807,A11,전체!$M$5:$M$807,"손절*") -> 0
A12: 8 | B12: F0.764 하향이탈 + 21일선 아래 2% | C12: 종가 > 0.764 레벨 | D12: =COUNTIF(전체!$A$5:$A$807,A12) -> 18 | E12: =IFERROR(COUNTIFS(전체!$A$5:$A$807,A12,전체!$O$5:$O$807,">0")/D12,0) -> 0.83333333 | F12: =SUMIF(전체!$A$5:$A$807,A12,전체!$O$5:$O$807) -> 0.2419919 | G12: =IFERROR(F12/D12,0) -> 0.013443994 | H12: =_xlfn.MAXIFS(전체!$O$5:$O$807,전체!$A$5:$A$807,A12) -> 0.096034904 | I12: =_xlfn.MINIFS(전체!$O$5:$O$807,전체!$A$5:$A$807,A12) -> -0.1 | J12: =COUNTIFS(전체!$A$5:$A$807,A12,전체!$M$5:$M$807,"손절*") -> 3
A13: 9 | B13: F0.309 하향이탈 + 62일선 하락 | C13: 종가 > 0.309 레벨 | D13: =COUNTIF(전체!$A$5:$A$807,A13) -> 21 | E13: =IFERROR(COUNTIFS(전체!$A$5:$A$807,A13,전체!$O$5:$O$807,">0")/D13,0) -> 0.85714286 | F13: =SUMIF(전체!$A$5:$A$807,A13,전체!$O$5:$O$807) -> 0.28134531 | G13: =IFERROR(F13/D13,0) -> 0.013397396 | H13: =_xlfn.MAXIFS(전체!$O$5:$O$807,전체!$A$5:$A$807,A13) -> 0.067290906 | I13: =_xlfn.MINIFS(전체!$O$5:$O$807,전체!$A$5:$A$807,A13) -> -0.10002032 | J13: =COUNTIFS(전체!$A$5:$A$807,A13,전체!$M$5:$M$807,"손절*") -> 3
A14: 10 | B14: 21일선 돌파 + 변동성 중간 + 5일 수익 음수 | C14: 종가 < 21일선 | D14: =COUNTIF(전체!$A$5:$A$807,A14) -> 32 | E14: =IFERROR(COUNTIFS(전체!$A$5:$A$807,A14,전체!$O$5:$O$807,">0")/D14,0) -> 0.28125 | F14: =SUMIF(전체!$A$5:$A$807,A14,전체!$O$5:$O$807) -> 0.37141156 | G14: =IFERROR(F14/D14,0) -> 0.011606611 | H14: =_xlfn.MAXIFS(전체!$O$5:$O$807,전체!$A$5:$A$807,A14) -> 0.18270624 | I14: =_xlfn.MINIFS(전체!$O$5:$O$807,전체!$A$5:$A$807,A14) -> -0.038434365 | J14: =COUNTIFS(전체!$A$5:$A$807,A14,전체!$M$5:$M$807,"손절*") -> 0
A15: 11 | B15: [숏] 21일선 이탈 + 5일·20일 수익 양수 | C15: 종가 > 21일선 (환매) | D15: =COUNTIF(전체!$A$5:$A$807,A15) -> 28 | E15: =IFERROR(COUNTIFS(전체!$A$5:$A$807,A15,전체!$O$5:$O$807,">0")/D15,0) -> 0.35714286 | F15: =SUMIF(전체!$A$5:$A$807,A15,전체!$O$5:$O$807) -> 0.28928422 | G15: =IFERROR(F15/D15,0) -> 0.010331579 | H15: =_xlfn.MAXIFS(전체!$O$5:$O$807,전체!$A$5:$A$807,A15) -> 0.13996115 | I15: =_xlfn.MINIFS(전체!$O$5:$O$807,전체!$A$5:$A$807,A15) -> -0.023463429 | J15: =COUNTIFS(전체!$A$5:$A$807,A15,전체!$M$5:$M$807,"손절*") -> 0
B16: 합계 | D16: =SUM(D5:D15) -> 803 | F16: =SUM(F5:F15) -> 10.738676
A20: 시트 안내: "전체" = 803건 날짜순 (자동필터로 패턴 골라 보기). "#1"~"#11" = 패턴별 목록. 매수 신호일은 종가에 신호가 확정된 날이고, 실제 ETF 매수는 그 다음 거래일 시가(F열)입니다.

Sheet 복리운영
A1: 복리 운영 결과 - 11패턴, 예수금 20% x 최대 5건, KODEX 레버리지, 매수 다음날 종가·매도 다음날 시가, 일간 평가
A2: 매 건을 그 시점 자산의 20%로 사고(재투자), 2배 ETF는 일간 복리, 매일 종가로 자산 평가. "요약"·"#n" 시트의 합산 수익률은 지수 1배 건별 수익률의 단순 합(패턴 비교용)이고 여기가 실제 운영 기준입니다.
A4: 연도 | B4: 연초 자산(원) | C4: 연말 자산(원) | D4: 연간 수익률 | E4: 연간 손익(원)
A5: 2002 | B5: 44858790 | C5: 47840294 | D5: =C5/B5-1 -> 0.066464209 | E5: =C5-B5 -> 2981504
A6: 2003 | B6: 47840294 | C6: 62099318 | D6: =C6/B6-1 -> 0.29805469 | E6: =C6-B6 -> 14259024
A7: 2004 | B7: 62099318 | C7: 67015169 | D7: =C7/B7-1 -> 0.079161111 | E7: =C7-B7 -> 4915851
A8: 2005 | B8: 67015169 | C8: 108457104 | D8: =C8/B8-1 -> 0.61839634 | E8: =C8-B8 -> 41441935
A9: 2006 | B9: 108457104 | C9: 111210365 | D9: =C9/B9-1 -> 0.025385714 | E9: =C9-B9 -> 2753261
A10: 2007 | B10: 111210365 | C10: 153419073 | D10: =C10/B10-1 -> 0.37953934 | E10: =C10-B10 -> 42208708
A11: 2008 | B11: 153419073 | C11: 145221556 | D11: =C11/B11-1 -> -0.05343219 | E11: =C11-B11 -> -8197517
A12: 2009 | B12: 145221556 | C12: 210400621 | D12: =C12/B12-1 -> 0.448825 | E12: =C12-B12 -> 65179065
A13: 2010 | B13: 210400621 | C13: 286266372 | D13: =C13/B13-1 -> 0.3605776 | E13: =C13-B13 -> 75865751
A14: 2011 | B14: 286266372 | C14: 266743190 | D14: =C14/B14-1 -> -0.068199355 | E14: =C14-B14 -> -19523182
A15: 2012 | B15: 266743190 | C15: 293310182 | D15: =C15/B15-1 -> 0.099597639 | E15: =C15-B15 -> 26566992
A16: 2013 | B16: 293310182 | C16: 283223673 | D16: =C16/B16-1 -> -0.03438854 | E16: =C16-B16 -> -10086509
... A29: 2026 | B29: 691765886 | C29: 1675126107 | D29: =C29/B29-1 -> 1.4215217 | E29: =C29-B29 -> 983360221
A30: 전체 | B30: 44858790 | C30: =C29 -> 1675126107 | D30: =C30/B30-1 -> 36.342204 | E30: =C30-B30 -> 1630267317
A31: 최종 배수 | B31: =C29/B5 -> 37.342204
A32: CAGR | B32: =(C29/B5)^(1/24.318)-1 -> 0.16051751 | C32: 기간 24.3년 (2002-05-30 ~ 2026-09-23)
A33: 최대 낙폭 | B33: -0.31782042 | C33: 일간 평가 기준 고점 대비
A34: 거래 건수 | B34: 767
A35: 단순 합산이라면 | B35: 240784407 | C35: 재투자 없이 항상 처음 예수금의 20%씩만 샀을 때 (건별 손익 단순 합)
A38: 패턴 하나만 같은 규칙으로 굴렸을 때 (건마다 그때 자산의 20%, 복리)
A39: 패턴 | B39: 이름 | C39: 거래 | D39: 건별 합산 (2배 ETF 포지션 기준) | E39: 복리 최종 배수 | F39: 복리 CAGR | G39: 최대 낙폭 | H39: 최종 자산(원)
A40: 1 | B40: MACD 골든크로스 + 62일선 상승 | C40: 145 | D40: 4.2271441 | E40: 2.2107785 | F40: 0.033162322 | G40: -0.11785307 | H40: 99172849
A41: 2 | B41: 20일 신저가 이탈 + 62·248일선 상승 | C41: 61 | D41: 2.2301359 | E41: 1.5289102 | F41: 0.017612064 | G41: -0.079652487 | H41: 68585061
A42: 3 | B42: RSI 50 돌파 + 62일선 상승 + 히스토 음수 | C42: 92 | D42: 3.2423962 | E42: 1.8240177 | F42: 0.02502431 | G42: -0.090074544 | H42: 81823226
A43: 4 | B43: 5/21 골든크로스 + 62일선 상승 + 5일 수익 양수 | C43: 100 | D43: 4.7110857 | E43: 2.3662217 | F43: 0.036053286 | G43: -0.14369803 | H43: 106145841
A44: 5 | B44: 62일선 돌파 + 62일선 상승 + RSI 40~60 | C44: 95 | D44: 2.9106287 | E44: 1.7139964 | F44: 0.022405252 | G44: -0.18844613 | H44: 76887807
A45: 6 | B45: 3일 연속 상승 + 62일선 상승 + 히스토 양수 | C45: 149 | D45: 2.327758 | E45: 1.5583681 | F45: 0.018410979 | G45: -0.075971328 | H45: 69906505
A46: 7 | B46: 3일 연속 하락 + 248일선 위 + 60일 수익 음수 | C46: 46 | D46: 1.1122585 | E46: 1.27973 | F46: 0.010194439 | G46: -0.085363899 | H46: 57407138
A47: 8 | B47: F0.764 하향이탈 + 21일선 아래 2% | C47: 18 | D47: 0.27349191 | E47: 1.0529826 | F47: 0.0021252762 | G47: -0.095755621 | H47: 47235528
A48: 9 | B48: F0.309 하향이탈 + 62일선 하락 | C48: 20 | D48: 0.19217464 | E48: 1.0354527 | F48: 0.0014336817 | G48: -0.090760098 | H48: 46449155
A49: 10 | B49: 21일선 돌파 + 변동성 중간 + 5일 수익 음수 | C49: 30 | D49: 0.78902827 | E49: 1.1619895 | F49: 0.006192968 | G49: -0.044935351 | H49: 52125445
A50: 11 | B50: [숏] 21일선 이탈 + 5일·20일 수익 양수 | C50: 28 | D50: 0.073933596 | E50: 1.0240049 | F50: 0.00097595574 | G50: -0.1126962 | H50: 45935621

Sheet 전체
A1: 전체 매매 목록 (날짜순)
A2: 패턴 단독 시뮬 · 신호일 종가 진입, 청산 신호일 종가 청산(손절은 장중, 갭이면 시가) · 손절선 = 신호일 종가 - min(5 ATR20, 10%) · 장기선 248일 · 실제 ETF 매매는 다음 거래일 시가 (F열, K열)
A4: 패턴 | B4: 이름 | C4: 방향 | D4: 매수 신호일 (종가) | E4: 신호일 지수 종가 | F4: ETF 매수일 (다음 거래일 시가) | G4: 매수일 지수 시가 | H4: 지수 손절선 | I4: 청산 신호일 | J4: 청산 지수 (체결 기준) | K4: ETF 매도일 (다음 거래일 시가) | L4: 매도일 지수 시가 | M4: 사유 | N4: 보유일 | O4: 수익률 (지수, 신호일 종가 → 청산가)
A5: 7 | B5: 3일 연속 하락 + 248일선 위 + 60일 수익 음수 | C5: 롱 | D5: 37407 | E5: 100.8 | F5: 37410 | G5: 100.54 | H5: 90.72 | I5: 37414 | J5: 100.37 | K5: 37417 | L5: 101.38 | M5: 패턴 청산 | N5: 4 | O5: =IF(C5="롱",(J5-E5)/E5,(E5-J5)/E5) -> -0.004265873
A6: 2 | B6: 20일 신저가 이탈 + 62·248일선 상승 | C6: 롱 | D6: 37426 | E6: 97.43 | F6: 37427 | G6: 96.63 | H6: 87.69 | I6: 37442 | J6: 99.34 | K6: 37445 | L6: 101.78 | M6: 패턴 청산 | N6: 11 | O6: =IF(C6="롱",(J6-E6)/E6,(E6-J6)/E6) -> 0.019603818
A7: 8 | B7: F0.764 하향이탈 + 21일선 아래 2% | C7: 롱 | D7: 37426 | E7: 97.43 | F7: 37427 | G7: 96.63 | H7: 87.69 | I7: 37446 | J7: 101.05 | K7: 37447 | L7: 100.1 | M7: 패턴 청산 | N7: 13 | O7: =IF(C7="롱",(J7-E7)/E7,(E7-J7)/E7) -> 0.03715488
A8: 7 | B8: 3일 연속 하락 + 248일선 위 + 60일 수익 음수 | C8: 롱 | D8: 37433 | E8: 88.61 | F8: 37434 | G8: 90.74 | H8: 79.75 | I8: 37442 | J8: 99.34 | K8: 37445 | L8: 101.78 | M8: 패턴 청산 | N8: 6 | O8: =IF(C8="롱",(J8-E8)/E8,(E8-J8)/E8) -> 0.12109243
A9: 7 | B9: 3일 연속 하락 + 248일선 위 + 60일 수익 음수 | C9: 롱 | D9: 37495 | E9: 90.92 | F9: 37496 | G9: 90.16 | H9: 81.83 | I9: 37524 | J9: 82.6 | K9: 37525 | L9: 84.55 | M9: 패턴 청산 | N9: 20 | O9: =IF(C9="롱",(J9-E9)/E9,(E9-J9)/E9) -> -0.091509019
A10: 11 | B10: [숏] 21일선 이탈 + 5일·20일 수익 양수 | C10: 숏 | D10: 37512 | E10: 90.3 | F10: 37515 | G10: 90.72 | H10: 99.33 | I10: 37547 | J10: 84.5 | K10: 37550 | L10: 83.9 | M10: 패턴 청산 | N10: 23 | O10: =IF(C10="롱",(J10-E10)/E10,(E10-J10)/E10) -> 0.064230343
A11: 9 | B11: F0.309 하향이탈 + 62일선 하락 | C11: 롱 | D11: 37559 | E11: 82.97 | F11: 37560 | G11: 83.79 | H11: 74.67 | I11: 37564 | J11: 85.04 | K11: 37565 | L11: 85.03 | M11: 패턴 청산 | N11: 3 | O11: =IF(C11="롱",(J11-E11)/E11,(E11-J11)/E11) -> 0.024948777
A12: 9 | B12: F0.309 하향이탈 + 62일선 하락 | C12: 롱 | D12: 37565 | E12: 84.01 | F12: 37566 | G12: 85.21 | H12: 75.61 | I12: 37566 | J12: 86.4 | K12: 37567 | L12: 85.83 | M12: 패턴 청산 | N12: 1 | O12: =IF(C12="롱",(J12-E12)/E12,(E12-J12)/E12) -> 0.028448994
A13: 9 | B13: F0.309 하향이탈 + 62일선 하락 | C13: 롱 | D13: 37571 | E13: 83.15 | F13: 37572 | G13: 81.42 | H13: 74.84 | I13: 37575 | J13: 85.26 | K13: 37578 | L13: 85.25 | M13: 패턴 청산 | N13: 4 | O13: =IF(C13="롱",(J13-E13)/E13,(E13-J13)/E13) -> 0.025375827
A14: 10 | B14: 21일선 돌파 + 변동성 중간 + 5일 수익 음수 | C14: 롱 | D14: 37575 | E14: 85.26 | F14: 37578 | G14: 85.25 | H14: 76.73 | I14: 37601 | J14: 88.51 | K14: 37602 | L14: 89.12 | M14: 패턴 청산 | N14: 18 | O14: =IF(C14="롱",(J14-E14)/E14,(E14-J14)/E14) -> 0.038118696
A15: 2 | B15: 20일 신저가 이탈 + 62·248일선 상승 | C15: 롱 | D15: 37614 | E15: 86.31 | F15: 37616 | G15: 85.92 | H15: 77.68 | I15: 37645 | J15: 77.68 | K15: 37648 | L15: 76.07 | M15: 손절 | N15: 20 | O15: =IF(C15="롱",(J15-E15)/E15,(E15-J15)/E15) -> -0.099988414
A16: 10 | B16: 21일선 돌파 + 변동성 중간 + 5일 수익 음수 | C16: 롱 | D16: 37708 | E16: 70.77 | F16: 37711 | G16: 69.63 | H16: 63.69 | I16: 37711 | J16: 68.05 | K16: 37712 | L16: 67.19 | M16: 패턴 청산 | N16: 1 | O16: =IF(C16="롱",(J16-E16)/E16,(E16-J16)/E16) -> -0.038434365
... A806: 10 | B806: 21일선 돌파 + 변동성 중간 + 5일 수익 음수 | C806: 롱 | D806: 46269 | E806: 1051.52 | F806: 46272 | G806: 1090.72 | H806: 946.37 | I806: 46279 | J806: 1050.83 | K806: 46280 | L806: 1047.75 | M806: 패턴 청산 | N806: 6 | O806: =IF(C806="롱",(J806-E806)/E806,(E806-J806)/E806) -> -0.00065619294
A807: 7 | B807: 3일 연속 하락 + 248일선 위 + 60일 수익 음수 | C807: 롱 | D807: 46279 | E807: 1050.83 | F807: 46280 | G807: 1047.75 | H807: 945.75 | I807: 46288 | J807: 1126.12 | M807: 보유중 (9/23 평가) | N807: 7 | O807: =IF(C807="롱",(J807-E807)/E807,(E807-J807)/E807) -> 0.071648126

Sheet #1
A1: #1 MACD 골든크로스 + 62일선 상승 | 청산: MACD 데드크로스
A2: 패턴 단독 시뮬 · 신호일 종가 진입, 청산 신호일 종가 청산(손절은 장중, 갭이면 시가) · 손절선 = 신호일 종가 - min(5 ATR20, 10%) · 장기선 248일 · 실제 ETF 매매는 다음 거래일 시가 (F열, K열)
A4: 패턴 | B4: 이름 | C4: 방향 | D4: 매수 신호일 (종가) | E4: 신호일 지수 종가 | F4: ETF 매수일 (다음 거래일 시가) | G4: 매수일 지수 시가 | H4: 지수 손절선 | I4: 청산 신호일 | J4: 청산 지수 (체결 기준) | K4: ETF 매도일 (다음 거래일 시가) | L4: 매도일 지수 시가 | M4: 사유 | N4: 보유일 | O4: 수익률 (지수, 신호일 종가 → 청산가)
A5: 1 | B5: MACD 골든크로스 + 62일선 상승 | C5: 롱 | D5: 37769 | E5: 79.82 | F5: 37770 | G5: 79.25 | H5: 71.84 | I5: 37798 | J5: 86.37 | K5: 37799 | L5: 87.22 | M5: 패턴 청산 | N5: 20 | O5: =IF(C5="롱",(J5-E5)/E5,(E5-J5)/E5) -> 0.082059634
A6: 1 | B6: MACD 골든크로스 + 62일선 상승 | C6: 롱 | D6: 37809 | E6: 90.07 | F6: 37810 | G6: 91.58 | H6: 82.2 | I6: 37820 | J6: 89.63 | K6: 37823 | L6: 89.6 | M6: 패턴 청산 | N6: 8 | O6: =IF(C6="롱",(J6-E6)/E6,(E6-J6)/E6) -> -0.0048850894
A7: 1 | B7: MACD 골든크로스 + 62일선 상승 | C7: 롱 | D7: 37852 | E7: 95.2 | F7: 37853 | G7: 95.23 | H7: 87.84 | I7: 37872 | J7: 97.89 | K7: 37873 | L7: 98.35 | M7: 패턴 청산 | N7: 14 | O7: =IF(C7="롱",(J7-E7)/E7,(E7-J7)/E7) -> 0.028256303
A8: 1 | B8: MACD 골든크로스 + 62일선 상승 | C8: 롱 | D8: 37903 | E8: 94.99 | F8: 37904 | G8: 94.81 | H8: 85.49 | I8: 37937 | J8: 103.41 | K8: 37938 | L8: 104.72 | M8: 패턴 청산 | N8: 24 | O8: =IF(C8="롱",(J8-E8)/E8,(E8-J8)/E8) -> 0.08864091
A9: 1 | B9: MACD 골든크로스 + 62일선 상승 | C9: 롱 | D9: 37938 | E9: 105.89 | F9: 37939 | G9: 105.45 | H9: 95.3 | I9: 37942 | J9: 103.21 | K9: 37943 | L9: 103.22 | M9: 패턴 청산 | N9: 2 | O9: =IF(C9="롱",(J9-E9)/E9,(E9-J9)/E9) -> -0.025309283
A10: 1 | B10: MACD 골든크로스 + 62일선 상승 | C10: 롱 | D10: 37957 | E10: 104.86 | F10: 37958 | G10: 104.7 | H10: 94.37 | I10: 37960 | J10: 101.87 | K10: 37963 | L10: 100.55 | M10: 패턴 청산 | N10: 3 | O10: =IF(C10="롱",(J10-E10)/E10,(E10-J10)/E10) -> -0.028514209
A11: 1 | B11: MACD 골든크로스 + 62일선 상승 | C11: 롱 | D11: 37970 | E11: 106.48 | F11: 37971 | G11: 104.41 | H11: 95.83 | I11: 37978 | J11: 103.89 | K11: 37979 | L11: 104.8 | M11: 패턴 청산 | N11: 6 | O11: =IF(C11="롱",(J11-E11)/E11,(E11-J11)/E11) -> -0.024323817
A12: 1 | B12: MACD 골든크로스 + 62일선 상승 | C12: 롱 | D12: 37988 | E12: 106.65 | F12: 37991 | G12: 106.01 | H12: 96.94 | I12: 38016 | J12: 110.89 | K12: 38019 | L12: 111.16 | M12: 패턴 청산 | N12: 17 | O12: =IF(C12="롱",(J12-E12)/E12,(E12-J12)/E12) -> 0.039756212
A13: 1 | B13: MACD 골든크로스 + 62일선 상승 | C13: 롱 | D13: 38028 | E13: 114.92 | F13: 38029 | G13: 115.67 | H13: 107.01 | I13: 38040 | J13: 115.05 | K13: 38041 | L13: 114.33 | M13: 패턴 청산 | N13: 8 | O13: =IF(C13="롱",(J13-E13)/E13,(E13-J13)/E13) -> 0.0011312217
A14: 1 | B14: MACD 골든크로스 + 62일선 상승 | C14: 롱 | D14: 38049 | E14: 117.57 | F14: 38050 | G14: 117.89 | H14: 109.65 | I14: 38056 | J14: 114.74 | K14: 38057 | L14: 113.86 | M14: 패턴 청산 | N14: 5 | O14: =IF(C14="롱",(J14-E14)/E14,(E14-J14)/E14) -> -0.024070766
A15: 1 | B15: MACD 골든크로스 + 62일선 상승 | C15: 롱 | D15: 38077 | E15: 115.98 | F15: 38078 | G15: 115.75 | H15: 105.07 | I15: 38104 | J15: 119.7 | K15: 38105 | L15: 119.95 | M15: 패턴 청산 | N15: 17 | O15: =IF(C15="롱",(J15-E15)/E15,(E15-J15)/E15) -> 0.032074496
A16: 1 | B16: MACD 골든크로스 + 62일선 상승 | C16: 롱 | D16: 38264 | E16: 114.02 | F16: 38265 | G16: 114.21 | H16: 104.32 | I16: 38272 | J16: 110.47 | K16: 38273 | L16: 111.23 | M16: 패턴 청산 | N16: 6 | O16: =IF(C16="롱",(J16-E16)/E16,(E16-J16)/E16) -> -0.031134889
... A150: 1 | B150: MACD 골든크로스 + 62일선 상승 | C150: 롱 | D150: 46239 | E150: 1038.59 | F150: 46240 | G150: 1016.93 | H150: 934.73 | I150: 46281 | J150: 1060.05 | K150: 46282 | L150: 1070.27 | M150: 패턴 청산 | N150: 29 | O150: =IF(C150="롱",(J150-E150)/E150,(E150-J150)/E150) -> 0.020662629

Sheet #2
A1: #2 20일 신저가 이탈 + 62·248일선 상승 | 청산: 종가 > 전일까지 10일 최고가
A2: 패턴 단독 시뮬 · 신호일 종가 진입, 청산 신호일 종가 청산(손절은 장중, 갭이면 시가) · 손절선 = 신호일 종가 - min(5 ATR20, 10%) · 장기선 248일 · 실제 ETF 매매는 다음 거래일 시가 (F열, K열)
A4: 패턴 | B4: 이름 | C4: 방향 | D4: 매수 신호일 (종가) | E4: 신호일 지수 종가 | F4: ETF 매수일 (다음 거래일 시가) | G4: 매수일 지수 시가 | H4: 지수 손절선 | I4: 청산 신호일 | J4: 청산 지수 (체결 기준) | K4: ETF 매도일 (다음 거래일 시가) | L4: 매도일 지수 시가 | M4: 사유 | N4: 보유일 | O4: 수익률 (지수, 신호일 종가 → 청산가)
A5: 2 | B5: 20일 신저가 이탈 + 62·248일선 상승 | C5: 롱 | D5: 37426 | E5: 97.43 | F5: 37427 | G5: 96.63 | H5: 87.69 | I5: 37442 | J5: 99.34 | K5: 37445 | L5: 101.78 | M5: 패턴 청산 | N5: 11 | O5: =IF(C5="롱",(J5-E5)/E5,(E5-J5)/E5) -> 0.019603818
A6: 2 | B6: 20일 신저가 이탈 + 62·248일선 상승 | C6: 롱 | D6: 37614 | E6: 86.31 | F6: 37616 | G6: 85.92 | H6: 77.68 | I6: 37645 | J6: 77.68 | K6: 37648 | L6: 76.07 | M6: 손절 | N6: 20 | O6: =IF(C6="롱",(J6-E6)/E6,(E6-J6)/E6) -> -0.099988414
A7: 2 | B7: 20일 신저가 이탈 + 62·248일선 상승 | C7: 롱 | D7: 37886 | E7: 91.78 | F7: 37887 | G7: 91.7 | H7: 83.66 | I7: 37903 | J7: 94.99 | K7: 37904 | L7: 94.81 | M7: 패턴 청산 | N7: 12 | O7: =IF(C7="롱",(J7-E7)/E7,(E7-J7)/E7) -> 0.03497494
A8: 2 | B8: 20일 신저가 이탈 + 62·248일선 상승 | C8: 롱 | D8: 38058 | E8: 111.23 | F8: 38061 | G8: 112.23 | H8: 101.96 | I8: 38083 | J8: 119.57 | K8: 38084 | L8: 119.61 | M8: 패턴 청산 | N8: 16 | O8: =IF(C8="롱",(J8-E8)/E8,(E8-J8)/E8) -> 0.074979772
A9: 2 | B9: 20일 신저가 이탈 + 62·248일선 상승 | C9: 롱 | D9: 38106 | E9: 114.01 | F9: 38107 | G9: 113.05 | H9: 103.48 | I9: 38117 | J9: 103.48 | K9: 38118 | L9: 102.85 | M9: 손절 | N9: 6 | O9: =IF(C9="롱",(J9-E9)/E9,(E9-J9)/E9) -> -0.092360319
A10: 2 | B10: 20일 신저가 이탈 + 62·248일선 상승 | C10: 롱 | D10: 38121 | E10: 99.11 | F10: 38124 | G10: 98.91 | H10: 89.2 | I10: 38135 | J10: 105.82 | K10: 38138 | L10: 105.24 | M10: 패턴 청산 | N10: 9 | O10: =IF(C10="롱",(J10-E10)/E10,(E10-J10)/E10) -> 0.067702553
A11: 2 | B11: 20일 신저가 이탈 + 62·248일선 상승 | C11: 롱 | D11: 38281 | E11: 105.78 | F11: 38282 | G11: 106.25 | H11: 95.2 | I11: 38294 | J11: 111.58 | K11: 38295 | L11: 111.41 | M11: 패턴 청산 | N11: 9 | O11: =IF(C11="롱",(J11-E11)/E11,(E11-J11)/E11) -> 0.054830781
A12: 2 | B12: 20일 신저가 이탈 + 62·248일선 상승 | C12: 롱 | D12: 38331 | E12: 108.57 | F12: 38334 | G12: 108.09 | H12: 97.89 | I12: 38342 | J12: 113.51 | K12: 38343 | L12: 114.28 | M12: 패턴 청산 | N12: 7 | O12: =IF(C12="롱",(J12-E12)/E12,(E12-J12)/E12) -> 0.045500599
A13: 2 | B13: 20일 신저가 이탈 + 62·248일선 상승 | C13: 롱 | D13: 38435 | E13: 123.8 | F13: 38436 | G13: 124.38 | H13: 112.85 | I13: 38448 | J13: 127.85 | K13: 38449 | L13: 128.23 | M13: 패턴 청산 | N13: 8 | O13: =IF(C13="롱",(J13-E13)/E13,(E13-J13)/E13) -> 0.032714055
A14: 2 | B14: 20일 신저가 이탈 + 62·248일선 상승 | C14: 롱 | D14: 38457 | E14: 122.41 | F14: 38460 | G14: 120.27 | H14: 113.06 | I14: 38491 | J14: 123.04 | K14: 38492 | L14: 123.35 | M14: 패턴 청산 | N14: 23 | O14: =IF(C14="롱",(J14-E14)/E14,(E14-J14)/E14) -> 0.0051466383
A15: 2 | B15: 20일 신저가 이탈 + 62·248일선 상승 | C15: 롱 | D15: 38593 | E15: 137.42 | F15: 38594 | G15: 138.93 | H15: 125.34 | I15: 38601 | J15: 145.21 | K15: 38602 | L15: 147.04 | M15: 패턴 청산 | N15: 6 | O15: =IF(C15="롱",(J15-E15)/E15,(E15-J15)/E15) -> 0.056687527
A16: 2 | B16: 20일 신저가 이탈 + 62·248일선 상승 | C16: 롱 | D16: 38644 | E16: 148.11 | F16: 38645 | G16: 150.39 | H16: 133.3 | I16: 38658 | J16: 155.6 | K16: 38659 | L16: 157.21 | M16: 패턴 청산 | N16: 10 | O16: =IF(C16="롱",(J16-E16)/E16,(E16-J16)/E16) -> 0.050570522
... A64: 2 | B64: 20일 신저가 이탈 + 62·248일선 상승 | C64: 롱 | D64: 46231 | E64: 945.69 | F64: 46232 | G64: 957.46 | H64: 851.12 | I64: 46232 | J64: 851.12 | K64: 46233 | L64: 891.08 | M64: 손절 | N64: 1 | O64: =IF(C64="롱",(J64-E64)/E64,(E64-J64)/E64) -> -0.10000106

Sheet #3
A1: #3 RSI 50 돌파 + 62일선 상승 + 히스토 음수 | 청산: RSI < 45 또는 > 75
A2: 패턴 단독 시뮬 · 신호일 종가 진입, 청산 신호일 종가 청산(손절은 장중, 갭이면 시가) · 손절선 = 신호일 종가 - min(5 ATR20, 10%) · 장기선 248일 · 실제 ETF 매매는 다음 거래일 시가 (F열, K열)
A4: 패턴 | B4: 이름 | C4: 방향 | D4: 매수 신호일 (종가) | E4: 신호일 지수 종가 | F4: ETF 매수일 (다음 거래일 시가) | G4: 매수일 지수 시가 | H4: 지수 손절선 | I4: 청산 신호일 | J4: 청산 지수 (체결 기준) | K4: ETF 매도일 (다음 거래일 시가) | L4: 매도일 지수 시가 | M4: 사유 | N4: 보유일 | O4: 수익률 (지수, 신호일 종가 → 청산가)
A5: 3 | B5: RSI 50 돌파 + 62일선 상승 + 히스토 음수 | C5: 롱 | D5: 37761 | E5: 76.4 | F5: 37762 | G5: 76.06 | H5: 68.76 | I5: 37886 | J5: 91.78 | K5: 37887 | L5: 91.7 | M5: 패턴 청산 | N5: 83 | O5: =IF(C5="롱",(J5-E5)/E5,(E5-J5)/E5) -> 0.2013089
A6: 3 | B6: RSI 50 돌파 + 62일선 상승 + 히스토 음수 | C6: 롱 | D6: 37901 | E6: 93.65 | F6: 37902 | G6: 94.19 | H6: 84.29 | I6: 37949 | J6: 97.61 | K6: 37950 | L6: 99.6 | M6: 패턴 청산 | N6: 34 | O6: =IF(C6="롱",(J6-E6)/E6,(E6-J6)/E6) -> 0.042285104
A7: 3 | B7: RSI 50 돌파 + 62일선 상승 + 히스토 음수 | C7: 롱 | D7: 37951 | E7: 101.6 | F7: 37952 | G7: 101.63 | H7: 91.44 | I7: 38058 | J7: 111.23 | K7: 38061 | L7: 112.23 | M7: 패턴 청산 | N7: 70 | O7: =IF(C7="롱",(J7-E7)/E7,(E7-J7)/E7) -> 0.094783465
A8: 3 | B8: RSI 50 돌파 + 62일선 상승 + 히스토 음수 | C8: 롱 | D8: 38063 | E8: 114.55 | F8: 38064 | G8: 115.45 | H8: 104.78 | I8: 38071 | J8: 112.16 | K8: 38072 | L8: 113.89 | M8: 패턴 청산 | N8: 6 | O8: =IF(C8="롱",(J8-E8)/E8,(E8-J8)/E8) -> -0.020864251
A9: 3 | B9: RSI 50 돌파 + 62일선 상승 + 히스토 음수 | C9: 롱 | D9: 38075 | E9: 115.1 | F9: 38076 | G9: 115.78 | H9: 104.28 | I9: 38106 | J9: 114.01 | K9: 38107 | L9: 113.05 | M9: 패턴 청산 | N9: 21 | O9: =IF(C9="롱",(J9-E9)/E9,(E9-J9)/E9) -> -0.0094700261
A10: 3 | B10: RSI 50 돌파 + 62일선 상승 + 히스토 음수 | C10: 롱 | D10: 38278 | E10: 109.24 | F10: 38279 | G10: 110.88 | H10: 98.82 | I10: 38280 | J10: 106.93 | K10: 38281 | L10: 107.2 | M10: 패턴 청산 | N10: 2 | O10: =IF(C10="롱",(J10-E10)/E10,(E10-J10)/E10) -> -0.0211461
A11: 3 | B11: RSI 50 돌파 + 62일선 상승 + 히스토 음수 | C11: 롱 | D11: 38289 | E11: 107.99 | F11: 38292 | G11: 107.69 | H11: 97.19 | I11: 38331 | J11: 108.57 | K11: 38334 | L11: 108.09 | M11: 패턴 청산 | N11: 30 | O11: =IF(C11="롱",(J11-E11)/E11,(E11-J11)/E11) -> 0.0053708677
A12: 3 | B12: RSI 50 돌파 + 62일선 상승 + 히스토 음수 | C12: 롱 | D12: 38336 | E12: 111.87 | F12: 38337 | G12: 112.04 | H12: 101.25 | I12: 38401 | J12: 127.43 | K12: 38404 | L12: 128.44 | M12: 패턴 청산 | N12: 43 | O12: =IF(C12="롱",(J12-E12)/E12,(E12-J12)/E12) -> 0.13909002
A13: 3 | B13: RSI 50 돌파 + 62일선 상승 + 히스토 음수 | C13: 롱 | D13: 38439 | E13: 126.72 | F13: 38440 | G13: 126.65 | H13: 116.02 | I13: 38440 | J13: 124.13 | K13: 38441 | L13: 123.26 | M13: 패턴 청산 | N13: 1 | O13: =IF(C13="롱",(J13-E13)/E13,(E13-J13)/E13) -> -0.020438763
A14: 3 | B14: RSI 50 돌파 + 62일선 상승 + 히스토 음수 | C14: 롱 | D14: 38443 | E14: 126.88 | F14: 38446 | G14: 126.77 | H14: 115.54 | I14: 38456 | J14: 123.29 | K14: 38457 | L14: 123.49 | M14: 패턴 청산 | N14: 8 | O14: =IF(C14="롱",(J14-E14)/E14,(E14-J14)/E14) -> -0.028294451
A15: 3 | B15: RSI 50 돌파 + 62일선 상승 + 히스토 음수 | C15: 롱 | D15: 38596 | E15: 143.13 | F15: 38597 | G15: 143.59 | H15: 129.93 | I15: 38615 | J15: 154.69 | K15: 38616 | L15: 154.31 | M15: 패턴 청산 | N15: 12 | O15: =IF(C15="롱",(J15-E15)/E15,(E15-J15)/E15) -> 0.080765737
A16: 3 | B16: RSI 50 돌파 + 62일선 상승 + 히스토 음수 | C16: 롱 | D16: 38657 | E16: 152.98 | F16: 38658 | G16: 153.8 | H16: 137.68 | I16: 38713 | J16: 177.2 | K16: 38714 | L16: 174.94 | M16: 패턴 청산 | N16: 40 | O16: =IF(C16="롱",(J16-E16)/E16,(E16-J16)/E16) -> 0.15832135
... A98: 3 | B98: RSI 50 돌파 + 62일선 상승 + 히스토 음수 | C98: 롱 | D98: 46182 | E98: 1293.4 | F98: 46183 | G98: 1258.44 | H98: 1164.06 | I98: 46205 | J98: 1219.62 | K98: 46206 | L98: 1235.2 | M98: 패턴 청산 | N98: 17 | O98: =IF(C98="롱",(J98-E98)/E98,(E98-J98)/E98) -> -0.057043451

Sheet #4
A1: #4 5/21 골든크로스 + 62일선 상승 + 5일 수익 양수 | 청산: 5일선 < 21일선
A2: 패턴 단독 시뮬 · 신호일 종가 진입, 청산 신호일 종가 청산(손절은 장중, 갭이면 시가) · 손절선 = 신호일 종가 - min(5 ATR20, 10%) · 장기선 248일 · 실제 ETF 매매는 다음 거래일 시가 (F열, K열)
A4: 패턴 | B4: 이름 | C4: 방향 | D4: 매수 신호일 (종가) | E4: 신호일 지수 종가 | F4: ETF 매수일 (다음 거래일 시가) | G4: 매수일 지수 시가 | H4: 지수 손절선 | I4: 청산 신호일 | J4: 청산 지수 (체결 기준) | K4: ETF 매도일 (다음 거래일 시가) | L4: 매도일 지수 시가 | M4: 사유 | N4: 보유일 | O4: 수익률 (지수, 신호일 종가 → 청산가)
A5: 4 | B5: 5/21 골든크로스 + 62일선 상승 + 5일 수익 양수 | C5: 롱 | D5: 37767 | E5: 78.39 | F5: 37768 | G5: 78.66 | H5: 70.55 | I5: 37844 | J5: 90.39 | K5: 37845 | L5: 90.71 | M5: 패턴 청산 | N5: 53 | O5: =IF(C5="롱",(J5-E5)/E5,(E5-J5)/E5) -> 0.15308075
A6: 4 | B6: 5/21 골든크로스 + 62일선 상승 + 5일 수익 양수 | C6: 롱 | D6: 37851 | E6: 93.73 | F6: 37852 | G6: 95.81 | H6: 86.55 | I6: 37886 | J6: 91.78 | K6: 37887 | L6: 91.7 | M6: 패턴 청산 | N6: 22 | O6: =IF(C6="롱",(J6-E6)/E6,(E6-J6)/E6) -> -0.020804438
A7: 4 | B7: 5/21 골든크로스 + 62일선 상승 + 5일 수익 양수 | C7: 롱 | D7: 37904 | E7: 97.98 | F7: 37907 | G7: 97.52 | H7: 88.18 | I7: 37946 | J7: 99.94 | K7: 37949 | L7: 99.3 | M7: 패턴 청산 | N7: 30 | O7: =IF(C7="롱",(J7-E7)/E7,(E7-J7)/E7) -> 0.020004082
A8: 4 | B8: 5/21 골든크로스 + 62일선 상승 + 5일 수익 양수 | C8: 롱 | D8: 37957 | E8: 104.86 | F8: 37958 | G8: 104.7 | H8: 94.37 | I8: 37965 | J8: 102.69 | K8: 37966 | L8: 103 | M8: 패턴 청산 | N8: 6 | O8: =IF(C8="롱",(J8-E8)/E8,(E8-J8)/E8) -> -0.020694259
A9: 4 | B9: 5/21 골든크로스 + 62일선 상승 + 5일 수익 양수 | C9: 롱 | D9: 37967 | E9: 104.32 | F9: 37970 | G9: 106.37 | H9: 93.89 | I9: 37984 | J9: 102.79 | K9: 37985 | L9: 104.19 | M9: 패턴 청산 | N9: 10 | O9: =IF(C9="롱",(J9-E9)/E9,(E9-J9)/E9) -> -0.014666411
A10: 4 | B10: 5/21 골든크로스 + 62일선 상승 + 5일 수익 양수 | C10: 롱 | D10: 37988 | E10: 106.65 | F10: 37991 | G10: 106.01 | H10: 96.94 | I10: 38022 | J10: 109.77 | K10: 38023 | L10: 109.98 | M10: 패턴 청산 | N10: 21 | O10: =IF(C10="롱",(J10-E10)/E10,(E10-J10)/E10) -> 0.029254571
A11: 4 | B11: 5/21 골든크로스 + 62일선 상승 + 5일 수익 양수 | C11: 롱 | D11: 38027 | E11: 113.46 | F11: 38028 | G11: 113.98 | H11: 105.04 | I11: 38058 | J11: 111.23 | K11: 38061 | L11: 112.23 | M11: 패턴 청산 | N11: 22 | O11: =IF(C11="롱",(J11-E11)/E11,(E11-J11)/E11) -> -0.019654504
A12: 4 | B12: 5/21 골든크로스 + 62일선 상승 + 5일 수익 양수 | C12: 롱 | D12: 38078 | E12: 116.34 | F12: 38079 | G12: 116.8 | H12: 105.62 | I12: 38106 | J12: 114.01 | K12: 38107 | L12: 113.05 | M12: 패턴 청산 | N12: 18 | O12: =IF(C12="롱",(J12-E12)/E12,(E12-J12)/E12) -> -0.020027506
A13: 4 | B13: 5/21 골든크로스 + 62일선 상승 + 5일 수익 양수 | C13: 롱 | D13: 38295 | E13: 110.3 | F13: 38296 | G13: 111.76 | H13: 99.48 | I13: 38330 | J13: 110.88 | K13: 38331 | L13: 111.01 | M13: 패턴 청산 | N13: 25 | O13: =IF(C13="롱",(J13-E13)/E13,(E13-J13)/E13) -> 0.0052583862
A14: 4 | B14: 5/21 골든크로스 + 62일선 상승 + 5일 수익 양수 | C14: 롱 | D14: 38341 | E14: 113.45 | F14: 38342 | G14: 113.22 | H14: 103.55 | I14: 38429 | J14: 126.82 | K14: 38432 | L14: 126.77 | M14: 패턴 청산 | N14: 59 | O14: =IF(C14="롱",(J14-E14)/E14,(E14-J14)/E14) -> 0.11784927
A15: 4 | B15: 5/21 골든크로스 + 62일선 상승 + 5일 수익 양수 | C15: 롱 | D15: 38450 | E15: 128.44 | F15: 38453 | G15: 127.95 | H15: 118.19 | I15: 38457 | J15: 122.41 | K15: 38460 | L15: 120.27 | M15: 패턴 청산 | N15: 5 | O15: =IF(C15="롱",(J15-E15)/E15,(E15-J15)/E15) -> -0.046947991
A16: 4 | B16: 5/21 골든크로스 + 62일선 상승 + 5일 수익 양수 | C16: 롱 | D16: 38601 | E16: 145.21 | F16: 38602 | G16: 147.04 | H16: 132.22 | I16: 38642 | J16: 150.85 | K16: 38643 | L16: 151.67 | M16: 패턴 청산 | N16: 27 | O16: =IF(C16="롱",(J16-E16)/E16,(E16-J16)/E16) -> 0.0388403
... A104: 4 | B104: 5/21 골든크로스 + 62일선 상승 + 5일 수익 양수 | C104: 롱 | D104: 46188 | E104: 1360.26 | F104: 46189 | G104: 1386.42 | H104: 1224.23 | I104: 46205 | J104: 1224.23 | K104: 46206 | L104: 1235.2 | M104: 손절 | N104: 13 | O104: =IF(C104="롱",(J104-E104)/E104,(E104-J104)/E104) -> -0.10000294

Sheet #5
A1: #5 62일선 돌파 + 62일선 상승 + RSI 40~60 | 청산: 종가 < 62일선
A2: 패턴 단독 시뮬 · 신호일 종가 진입, 청산 신호일 종가 청산(손절은 장중, 갭이면 시가) · 손절선 = 신호일 종가 - min(5 ATR20, 10%) · 장기선 248일 · 실제 ETF 매매는 다음 거래일 시가 (F열, K열)
A4: 패턴 | B4: 이름 | C4: 방향 | D4: 매수 신호일 (종가) | E4: 신호일 지수 종가 | F4: ETF 매수일 (다음 거래일 시가) | G4: 매수일 지수 시가 | H4: 지수 손절선 | I4: 청산 신호일 | J4: 청산 지수 (체결 기준) | K4: ETF 매도일 (다음 거래일 시가) | L4: 매도일 지수 시가 | M4: 사유 | N4: 보유일 | O4: 수익률 (지수, 신호일 종가 → 청산가)
A5: 5 | B5: 62일선 돌파 + 62일선 상승 + RSI 40~60 | C5: 롱 | D5: 37888 | E5: 93.09 | F5: 37889 | G5: 90.84 | H5: 84.9 | I5: 37889 | J5: 91.66 | K5: 37890 | L5: 90.34 | M5: 패턴 청산 | N5: 1 | O5: =IF(C5="롱",(J5-E5)/E5,(E5-J5)/E5) -> -0.015361478
A6: 5 | B6: 62일선 돌파 + 62일선 상승 + RSI 40~60 | C6: 롱 | D6: 37901 | E6: 93.65 | F6: 37902 | G6: 94.19 | H6: 84.29 | I6: 37902 | J6: 93.1 | K6: 37903 | L6: 93.16 | M6: 패턴 청산 | N6: 1 | O6: =IF(C6="롱",(J6-E6)/E6,(E6-J6)/E6) -> -0.0058729311
A7: 5 | B7: 62일선 돌파 + 62일선 상승 + RSI 40~60 | C7: 롱 | D7: 37903 | E7: 94.99 | F7: 37904 | G7: 94.81 | H7: 85.49 | I7: 37949 | J7: 97.61 | K7: 37950 | L7: 99.6 | M7: 패턴 청산 | N7: 32 | O7: =IF(C7="롱",(J7-E7)/E7,(E7-J7)/E7) -> 0.027581851
A8: 5 | B8: 62일선 돌파 + 62일선 상승 + RSI 40~60 | C8: 롱 | D8: 37950 | E8: 99.71 | F8: 37951 | G8: 99.95 | H8: 89.74 | I8: 38106 | J8: 114.01 | K8: 38107 | L8: 113.05 | M8: 패턴 청산 | N8: 103 | O8: =IF(C8="롱",(J8-E8)/E8,(E8-J8)/E8) -> 0.14341591
A9: 5 | B9: 62일선 돌파 + 62일선 상승 + RSI 40~60 | C9: 롱 | D9: 38286 | E9: 104.98 | F9: 38287 | G9: 105.98 | H9: 94.48 | I9: 38287 | J9: 104.63 | K9: 38288 | L9: 106.81 | M9: 패턴 청산 | N9: 1 | O9: =IF(C9="롱",(J9-E9)/E9,(E9-J9)/E9) -> -0.0033339684
A10: 5 | B10: 62일선 돌파 + 62일선 상승 + RSI 40~60 | C10: 롱 | D10: 38288 | E10: 107.77 | F10: 38289 | G10: 106.82 | H10: 96.99 | I10: 38331 | J10: 108.57 | K10: 38334 | L10: 108.09 | M10: 패턴 청산 | N10: 31 | O10: =IF(C10="롱",(J10-E10)/E10,(E10-J10)/E10) -> 0.0074232161
A11: 5 | B11: 62일선 돌파 + 62일선 상승 + RSI 40~60 | C11: 롱 | D11: 38336 | E11: 111.87 | F11: 38337 | G11: 112.04 | H11: 101.25 | I11: 38456 | J11: 123.29 | K11: 38457 | L11: 123.49 | M11: 패턴 청산 | N11: 80 | O11: =IF(C11="롱",(J11-E11)/E11,(E11-J11)/E11) -> 0.10208277
A12: 5 | B12: 62일선 돌파 + 62일선 상승 + RSI 40~60 | C12: 롱 | D12: 38657 | E12: 152.98 | F12: 38658 | G12: 153.8 | H12: 137.68 | I12: 38740 | J12: 168.04 | K12: 38741 | L12: 169.39 | M12: 패턴 청산 | N12: 58 | O12: =IF(C12="롱",(J12-E12)/E12,(E12-J12)/E12) -> 0.098444241
A13: 5 | B13: 62일선 돌파 + 62일선 상승 + RSI 40~60 | C13: 롱 | D13: 38741 | E13: 171.79 | F13: 38742 | G13: 173.56 | H13: 155.66 | I13: 38756 | J13: 169.44 | K13: 38757 | L13: 171.5 | M13: 패턴 청산 | N13: 10 | O13: =IF(C13="롱",(J13-E13)/E13,(E13-J13)/E13) -> -0.013679492
A14: 5 | B14: 62일선 돌파 + 62일선 상승 + RSI 40~60 | C14: 롱 | D14: 38758 | E14: 172.68 | F14: 38761 | G14: 173.15 | H14: 155.41 | I14: 38761 | J14: 170.61 | K14: 38762 | L14: 169.89 | M14: 패턴 청산 | N14: 1 | O14: =IF(C14="롱",(J14-E14)/E14,(E14-J14)/E14) -> -0.011987491
A15: 5 | B15: 62일선 돌파 + 62일선 상승 + RSI 40~60 | C15: 롱 | D15: 38768 | E15: 174.28 | F15: 38769 | G15: 174.56 | H15: 156.85 | I15: 38770 | J15: 173.26 | K15: 38771 | L15: 174.29 | M15: 패턴 청산 | N15: 2 | O15: =IF(C15="롱",(J15-E15)/E15,(E15-J15)/E15) -> -0.0058526509
A16: 5 | B16: 62일선 돌파 + 62일선 상승 + RSI 40~60 | C16: 롱 | D16: 38771 | E16: 176.18 | F16: 38772 | G16: 176.61 | H16: 158.56 | I16: 38779 | J16: 171.67 | K16: 38782 | L16: 172.23 | M16: 패턴 청산 | N16: 5 | O16: =IF(C16="롱",(J16-E16)/E16,(E16-J16)/E16) -> -0.025598819
... A110: 5 | B110: 62일선 돌파 + 62일선 상승 + RSI 40~60 | C110: 롱 | D110: 46115 | E110: 798.32 | F110: 46118 | G110: 806.59 | H110: 718.49 | I110: 46211 | J110: 1158.37 | K110: 46212 | L110: 1202.01 | M110: 패턴 청산 | N110: 64 | O110: =IF(C110="롱",(J110-E110)/E110,(E110-J110)/E110) -> 0.45100962

Sheet #6
A1: #6 3일 연속 상승 + 62일선 상승 + 히스토 양수 | 청산: 종가 < 5일선
A2: 패턴 단독 시뮬 · 신호일 종가 진입, 청산 신호일 종가 청산(손절은 장중, 갭이면 시가) · 손절선 = 신호일 종가 - min(5 ATR20, 10%) · 장기선 248일 · 실제 ETF 매매는 다음 거래일 시가 (F열, K열)
A4: 패턴 | B4: 이름 | C4: 방향 | D4: 매수 신호일 (종가) | E4: 신호일 지수 종가 | F4: ETF 매수일 (다음 거래일 시가) | G4: 매수일 지수 시가 | H4: 지수 손절선 | I4: 청산 신호일 | J4: 청산 지수 (체결 기준) | K4: ETF 매도일 (다음 거래일 시가) | L4: 매도일 지수 시가 | M4: 사유 | N4: 보유일 | O4: 수익률 (지수, 신호일 종가 → 청산가)
A5: 6 | B5: 3일 연속 상승 + 62일선 상승 + 히스토 양수 | C5: 롱 | D5: 37771 | E5: 80.53 | F5: 37774 | G5: 81.92 | H5: 72.48 | I5: 37795 | J5: 86.06 | K5: 37796 | L5: 84.71 | M5: 패턴 청산 | N5: 15 | O5: =IF(C5="롱",(J5-E5)/E5,(E5-J5)/E5) -> 0.068670061
A6: 6 | B6: 3일 연속 상승 + 62일선 상승 + 히스토 양수 | C6: 롱 | D6: 37809 | E6: 90.07 | F6: 37810 | G6: 91.58 | H6: 82.2 | I6: 37812 | J6: 89.61 | K6: 37813 | L6: 88.79 | M6: 패턴 청산 | N6: 3 | O6: =IF(C6="롱",(J6-E6)/E6,(E6-J6)/E6) -> -0.0051071389
A7: 6 | B7: 3일 연속 상승 + 62일선 상승 + 히스토 양수 | C7: 롱 | D7: 37852 | E7: 95.2 | F7: 37853 | G7: 95.23 | H7: 87.84 | I7: 37861 | J7: 96.71 | K7: 37862 | L7: 97.22 | M7: 패턴 청산 | N7: 7 | O7: =IF(C7="롱",(J7-E7)/E7,(E7-J7)/E7) -> 0.015861345
A8: 6 | B8: 3일 연속 상승 + 62일선 상승 + 히스토 양수 | C8: 롱 | D8: 37866 | E8: 98.54 | F8: 37867 | G8: 99.1 | H8: 91.48 | I8: 37869 | J8: 97.93 | K8: 37872 | L8: 97.7 | M8: 패턴 청산 | N8: 3 | O8: =IF(C8="롱",(J8-E8)/E8,(E8-J8)/E8) -> -0.0061903795
A9: 6 | B9: 3일 연속 상승 + 62일선 상승 + 히스토 양수 | C9: 롱 | D9: 37923 | E9: 101.1 | F9: 37924 | G9: 101.79 | H9: 90.99 | I9: 37931 | J9: 102.36 | K9: 37932 | L9: 103.22 | M9: 패턴 청산 | N9: 6 | O9: =IF(C9="롱",(J9-E9)/E9,(E9-J9)/E9) -> 0.012462908
A10: 6 | B10: 3일 연속 상승 + 62일선 상승 + 히스토 양수 | C10: 롱 | D10: 37988 | E10: 106.65 | F10: 37991 | G10: 106.01 | H10: 96.94 | I10: 38001 | J10: 110.34 | K10: 38002 | L10: 111.48 | M10: 패턴 청산 | N10: 9 | O10: =IF(C10="롱",(J10-E10)/E10,(E10-J10)/E10) -> 0.034599156
A11: 6 | B11: 3일 연속 상승 + 62일선 상승 + 히스토 양수 | C11: 롱 | D11: 38006 | E11: 112.63 | F11: 38012 | G11: 113.51 | H11: 104.07 | I11: 38014 | J11: 112.59 | K11: 38015 | L11: 111.46 | M11: 패턴 청산 | N11: 3 | O11: =IF(C11="롱",(J11-E11)/E11,(E11-J11)/E11) -> -0.00035514517
A12: 6 | B12: 3일 연속 상승 + 62일선 상승 + 히스토 양수 | C12: 롱 | D12: 38028 | E12: 114.92 | F12: 38029 | G12: 115.67 | H12: 107.01 | I12: 38035 | J12: 114.87 | K12: 38036 | L12: 115.33 | M12: 패턴 청산 | N12: 5 | O12: =IF(C12="롱",(J12-E12)/E12,(E12-J12)/E12) -> -0.00043508528
A13: 6 | B13: 3일 연속 상승 + 62일선 상승 + 히스토 양수 | C13: 롱 | D13: 38079 | E13: 116.35 | F13: 38083 | G13: 118.58 | H13: 105.55 | I13: 38093 | J13: 117.97 | K13: 38096 | L13: 118.22 | M13: 패턴 청산 | N13: 8 | O13: =IF(C13="롱",(J13-E13)/E13,(E13-J13)/E13) -> 0.013923507
A14: 6 | B14: 3일 연속 상승 + 62일선 상승 + 히스토 양수 | C14: 롱 | D14: 38098 | E14: 121.93 | F14: 38099 | G14: 122.01 | H14: 111.63 | I14: 38103 | J14: 120.3 | K14: 38104 | L14: 120.11 | M14: 패턴 청산 | N14: 3 | O14: =IF(C14="롱",(J14-E14)/E14,(E14-J14)/E14) -> -0.013368326
A15: 6 | B15: 3일 연속 상승 + 62일선 상승 + 히스토 양수 | C15: 롱 | D15: 38243 | E15: 109.56 | F15: 38244 | G15: 110.28 | H15: 101.65 | I15: 38247 | J15: 109.32 | K15: 38250 | L15: 109.49 | M15: 패턴 청산 | N15: 4 | O15: =IF(C15="롱",(J15-E15)/E15,(E15-J15)/E15) -> -0.0021905805
A16: 6 | B16: 3일 연속 상승 + 62일선 상승 + 히스토 양수 | C16: 롱 | D16: 38264 | E16: 114.02 | F16: 38265 | G16: 114.21 | H16: 104.32 | I16: 38268 | J16: 113.82 | K16: 38271 | L16: 113.16 | M16: 패턴 청산 | N16: 4 | O16: =IF(C16="롱",(J16-E16)/E16,(E16-J16)/E16) -> -0.0017540782
... A154: 6 | B154: 3일 연속 상승 + 62일선 상승 + 히스토 양수 | C154: 롱 | D154: 46191 | E154: 1459.23 | F154: 46192 | G154: 1499.31 | H154: 1313.31 | I154: 46196 | J154: 1321.7 | K154: 46197 | L154: 1348.99 | M154: 패턴 청산 | N154: 3 | O154: =IF(C154="롱",(J154-E154)/E154,(E154-J154)/E154) -> -0.094248336

Sheet #7
A1: #7 3일 연속 하락 + 248일선 위 + 60일 수익 음수 | 청산: 종가 > 전일까지 10일 최고가 또는 < 진입일 20일 최저가
A2: 패턴 단독 시뮬 · 신호일 종가 진입, 청산 신호일 종가 청산(손절은 장중, 갭이면 시가) · 손절선 = 신호일 종가 - min(5 ATR20, 10%) · 장기선 248일 · 실제 ETF 매매는 다음 거래일 시가 (F열, K열)
A4: 패턴 | B4: 이름 | C4: 방향 | D4: 매수 신호일 (종가) | E4: 신호일 지수 종가 | F4: ETF 매수일 (다음 거래일 시가) | G4: 매수일 지수 시가 | H4: 지수 손절선 | I4: 청산 신호일 | J4: 청산 지수 (체결 기준) | K4: ETF 매도일 (다음 거래일 시가) | L4: 매도일 지수 시가 | M4: 사유 | N4: 보유일 | O4: 수익률 (지수, 신호일 종가 → 청산가)
A5: 7 | B5: 3일 연속 하락 + 248일선 위 + 60일 수익 음수 | C5: 롱 | D5: 37407 | E5: 100.8 | F5: 37410 | G5: 100.54 | H5: 90.72 | I5: 37414 | J5: 100.37 | K5: 37417 | L5: 101.38 | M5: 패턴 청산 | N5: 4 | O5: =IF(C5="롱",(J5-E5)/E5,(E5-J5)/E5) -> -0.004265873
A6: 7 | B6: 3일 연속 하락 + 248일선 위 + 60일 수익 음수 | C6: 롱 | D6: 37433 | E6: 88.61 | F6: 37434 | G6: 90.74 | H6: 79.75 | I6: 37442 | J6: 99.34 | K6: 37445 | L6: 101.78 | M6: 패턴 청산 | N6: 6 | O6: =IF(C6="롱",(J6-E6)/E6,(E6-J6)/E6) -> 0.12109243
A7: 7 | B7: 3일 연속 하락 + 248일선 위 + 60일 수익 음수 | C7: 롱 | D7: 37495 | E7: 90.92 | F7: 37496 | G7: 90.16 | H7: 81.83 | I7: 37524 | J7: 82.6 | K7: 37525 | L7: 84.55 | M7: 패턴 청산 | N7: 20 | O7: =IF(C7="롱",(J7-E7)/E7,(E7-J7)/E7) -> -0.091509019
A8: 7 | B8: 3일 연속 하락 + 248일선 위 + 60일 수익 음수 | C8: 롱 | D8: 38334 | E8: 108.36 | F8: 38335 | G8: 108.63 | H8: 97.87 | I8: 38342 | J8: 113.51 | K8: 38343 | L8: 114.28 | M8: 패턴 청산 | N8: 6 | O8: =IF(C8="롱",(J8-E8)/E8,(E8-J8)/E8) -> 0.047526763
A9: 7 | B9: 3일 연속 하락 + 248일선 위 + 60일 수익 음수 | C9: 롱 | D9: 38460 | E9: 119.76 | F9: 38461 | G9: 120.64 | H9: 109.85 | I9: 38470 | J9: 118.36 | K9: 38471 | L9: 117.06 | M9: 패턴 청산 | N9: 8 | O9: =IF(C9="롱",(J9-E9)/E9,(E9-J9)/E9) -> -0.011690047
A10: 7 | B10: 3일 연속 하락 + 248일선 위 + 60일 수익 음수 | C10: 롱 | D10: 38471 | E10: 117.58 | F10: 38474 | G10: 118.29 | H10: 107.9 | I10: 38491 | J10: 123.04 | K10: 38492 | L10: 123.35 | M10: 패턴 청산 | N10: 13 | O10: =IF(C10="롱",(J10-E10)/E10,(E10-J10)/E10) -> 0.046436469
A11: 7 | B11: 3일 연속 하락 + 248일선 위 + 60일 수익 음수 | C11: 롱 | D11: 38785 | E11: 169.17 | F11: 38786 | G11: 169.82 | H11: 153.18 | I11: 38807 | J11: 176.21 | K11: 38810 | L11: 176.45 | M11: 패턴 청산 | N11: 16 | O11: =IF(C11="롱",(J11-E11)/E11,(E11-J11)/E11) -> 0.041614944
A12: 7 | B12: 3일 연속 하락 + 248일선 위 + 60일 수익 음수 | C12: 롱 | D12: 38819 | E12: 179.13 | F12: 38820 | G12: 179.11 | H12: 166.76 | I12: 38821 | J12: 185.67 | K12: 38824 | L12: 185.95 | M12: 패턴 청산 | N12: 2 | O12: =IF(C12="롱",(J12-E12)/E12,(E12-J12)/E12) -> 0.036509797
A13: 7 | B13: 3일 연속 하락 + 248일선 위 + 60일 수익 음수 | C13: 롱 | D13: 38903 | E13: 165.51 | F13: 38904 | G13: 164.3 | H13: 148.96 | I13: 38946 | J13: 172.65 | K13: 38947 | L13: 172.94 | M13: 패턴 청산 | N13: 29 | O13: =IF(C13="롱",(J13-E13)/E13,(E13-J13)/E13) -> 0.043139387
A14: 7 | B14: 3일 연속 하락 + 248일선 위 + 60일 수익 음수 | C14: 롱 | D14: 39111 | E14: 176.41 | F14: 39112 | G14: 176.7 | H14: 163.73 | I14: 39115 | J14: 183.2 | K14: 39118 | L14: 183.21 | M14: 패턴 청산 | N14: 4 | O14: =IF(C14="롱",(J14-E14)/E14,(E14-J14)/E14) -> 0.038489882
A15: 7 | B15: 3일 연속 하락 + 248일선 위 + 60일 수익 음수 | C15: 롱 | D15: 39141 | E15: 183.2 | F15: 39143 | G15: 181.87 | H15: 171.06 | I15: 39176 | J15: 191.77 | K15: 39177 | L15: 192 | M15: 패턴 청산 | N15: 24 | O15: =IF(C15="롱",(J15-E15)/E15,(E15-J15)/E15) -> 0.046779476
A16: 7 | B16: 3일 연속 하락 + 248일선 위 + 60일 수익 음수 | C16: 롱 | D16: 39311 | E16: 208.57 | F16: 39314 | G16: 216.42 | H16: 187.71 | I16: 39324 | J16: 234.22 | K16: 39325 | L16: 234.38 | M16: 패턴 청산 | N16: 9 | O16: =IF(C16="롱",(J16-E16)/E16,(E16-J16)/E16) -> 0.12298029
... A51: 7 | B51: 3일 연속 하락 + 248일선 위 + 60일 수익 음수 | C51: 롱 | D51: 46233 | E51: 872.49 | F51: 46234 | G51: 880.79 | H51: 785.24 | I51: 46247 | J51: 1071.24 | K51: 46248 | L51: 1103.18 | M51: 패턴 청산 | N51: 10 | O51: =IF(C51="롱",(J51-E51)/E51,(E51-J51)/E51) -> 0.22779631
A52: 7 | B52: 3일 연속 하락 + 248일선 위 + 60일 수익 음수 | C52: 롱 | D52: 46279 | E52: 1050.83 | F52: 46280 | G52: 1047.75 | H52: 945.75 | I52: 46288 | J52: 1126.12 | M52: 보유중 (9/23 평가) | N52: 7 | O52: =IF(C52="롱",(J52-E52)/E52,(E52-J52)/E52) -> 0.071648126

Sheet #8
A1: #8 F0.764 하향이탈 + 21일선 아래 2% | 청산: 종가 > 0.764 레벨
A2: 패턴 단독 시뮬 · 신호일 종가 진입, 청산 신호일 종가 청산(손절은 장중, 갭이면 시가) · 손절선 = 신호일 종가 - min(5 ATR20, 10%) · 장기선 248일 · 실제 ETF 매매는 다음 거래일 시가 (F열, K열)
A4: 패턴 | B4: 이름 | C4: 방향 | D4: 매수 신호일 (종가) | E4: 신호일 지수 종가 | F4: ETF 매수일 (다음 거래일 시가) | G4: 매수일 지수 시가 | H4: 지수 손절선 | I4: 청산 신호일 | J4: 청산 지수 (체결 기준) | K4: ETF 매도일 (다음 거래일 시가) | L4: 매도일 지수 시가 | M4: 사유 | N4: 보유일 | O4: 수익률 (지수, 신호일 종가 → 청산가)
A5: 8 | B5: F0.764 하향이탈 + 21일선 아래 2% | C5: 롱 | D5: 37426 | E5: 97.43 | F5: 37427 | G5: 96.63 | H5: 87.69 | I5: 37446 | J5: 101.05 | K5: 37447 | L5: 100.1 | M5: 패턴 청산 | N5: 13 | O5: =IF(C5="롱",(J5-E5)/E5,(E5-J5)/E5) -> 0.03715488
A6: 8 | B6: F0.764 하향이탈 + 21일선 아래 2% | C6: 롱 | D6: 38117 | E6: 102.94 | F6: 38118 | G6: 102.85 | H6: 92.65 | I6: 38119 | J6: 106.05 | K6: 38120 | L6: 105.58 | M6: 패턴 청산 | N6: 2 | O6: =IF(C6="롱",(J6-E6)/E6,(E6-J6)/E6) -> 0.030211774
A7: 8 | B7: F0.764 하향이탈 + 21일선 아래 2% | C7: 롱 | D7: 38120 | E7: 102.14 | F7: 38121 | G7: 103.29 | H7: 91.93 | I7: 38135 | J7: 105.82 | K7: 38138 | L7: 105.24 | M7: 패턴 청산 | N7: 10 | O7: =IF(C7="롱",(J7-E7)/E7,(E7-J7)/E7) -> 0.03602898
A8: 8 | B8: F0.764 하향이탈 + 21일선 아래 2% | C8: 롱 | D8: 38881 | E8: 155.43 | F8: 38882 | G8: 154.15 | H8: 139.89 | I8: 38884 | J8: 163.05 | K8: 38887 | L8: 162.11 | M8: 패턴 청산 | N8: 3 | O8: =IF(C8="롱",(J8-E8)/E8,(E8-J8)/E8) -> 0.049025285
A9: 8 | B9: F0.764 하향이탈 + 21일선 아래 2% | C9: 롱 | D9: 38888 | E9: 158.48 | F9: 38889 | G9: 158.91 | H9: 142.63 | I9: 38895 | J9: 161.36 | K9: 38896 | L9: 158.61 | M9: 패턴 청산 | N9: 5 | O9: =IF(C9="롱",(J9-E9)/E9,(E9-J9)/E9) -> 0.01817264
A10: 8 | B10: F0.764 하향이탈 + 21일선 아래 2% | C10: 롱 | D10: 38916 | E10: 159.69 | F10: 38917 | G10: 160.06 | H10: 143.84 | I10: 38918 | J10: 165.11 | K10: 38919 | L10: 163.46 | M10: 패턴 청산 | N10: 2 | O10: =IF(C10="롱",(J10-E10)/E10,(E10-J10)/E10) -> 0.03394076
A11: 8 | B11: F0.764 하향이탈 + 21일선 아래 2% | C11: 롱 | D11: 39146 | E11: 177.69 | F11: 39147 | G11: 178.66 | H11: 165.04 | I11: 39147 | J11: 181.23 | K11: 39148 | L11: 182.9 | M11: 패턴 청산 | N11: 1 | O11: =IF(C11="롱",(J11-E11)/E11,(E11-J11)/E11) -> 0.019922337
A12: 8 | B12: F0.764 하향이탈 + 21일선 아래 2% | C12: 롱 | D12: 39311 | E12: 208.57 | F12: 39314 | G12: 216.42 | H12: 187.71 | I12: 39317 | J12: 228.6 | K12: 39318 | L12: 227.67 | M12: 패턴 청산 | N12: 4 | O12: =IF(C12="롱",(J12-E12)/E12,(E12-J12)/E12) -> 0.096034904
A13: 8 | B13: F0.764 하향이탈 + 21일선 아래 2% | C13: 롱 | D13: 39377 | E13: 239.94 | F13: 39378 | G13: 243.9 | H13: 215.95 | I13: 39378 | J13: 244.9 | K13: 39379 | L13: 247.03 | M13: 패턴 청산 | N13: 1 | O13: =IF(C13="롱",(J13-E13)/E13,(E13-J13)/E13) -> 0.020671835
A14: 8 | B14: F0.764 하향이탈 + 21일선 아래 2% | C14: 롱 | D14: 39405 | E14: 239.78 | F14: 39406 | G14: 234.58 | H14: 215.8 | I14: 39420 | J14: 244.04 | K14: 39421 | L14: 243.24 | M14: 패턴 청산 | N14: 11 | O14: =IF(C14="롱",(J14-E14)/E14,(E14-J14)/E14) -> 0.017766286
A15: 8 | B15: F0.764 하향이탈 + 21일선 아래 2% | C15: 롱 | D15: 39828 | E15: 145.05 | F15: 39829 | G15: 146.08 | H15: 130.55 | I15: 39832 | J15: 150.02 | K15: 39833 | L15: 147.78 | M15: 패턴 청산 | N15: 2 | O15: =IF(C15="롱",(J15-E15)/E15,(E15-J15)/E15) -> 0.034264047
A16: 8 | B16: F0.764 하향이탈 + 21일선 아래 2% | C16: 롱 | D16: 39833 | E16: 146.55 | F16: 39834 | G16: 141.28 | H16: 131.9 | I16: 39841 | J16: 151.04 | K16: 39842 | L16: 152.03 | M16: 패턴 청산 | N16: 4 | O16: =IF(C16="롱",(J16-E16)/E16,(E16-J16)/E16) -> 0.030638008
... A22: 8 | B22: F0.764 하향이탈 + 21일선 아래 2% | C22: 롱 | D22: 44586 | E22: 362.39 | F22: 44587 | G22: 363.72 | H22: 334.06 | I22: 44602 | J22: 371.57 | K22: 44603 | L22: 367.54 | M22: 패턴 청산 | N22: 9 | O22: =IF(C22="롱",(J22-E22)/E22,(E22-J22)/E22) -> 0.025331825

Sheet #9
A1: #9 F0.309 하향이탈 + 62일선 하락 | 청산: 종가 > 0.309 레벨
A2: 패턴 단독 시뮬 · 신호일 종가 진입, 청산 신호일 종가 청산(손절은 장중, 갭이면 시가) · 손절선 = 신호일 종가 - min(5 ATR20, 10%) · 장기선 248일 · 실제 ETF 매매는 다음 거래일 시가 (F열, K열)
A4: 패턴 | B4: 이름 | C4: 방향 | D4: 매수 신호일 (종가) | E4: 신호일 지수 종가 | F4: ETF 매수일 (다음 거래일 시가) | G4: 매수일 지수 시가 | H4: 지수 손절선 | I4: 청산 신호일 | J4: 청산 지수 (체결 기준) | K4: ETF 매도일 (다음 거래일 시가) | L4: 매도일 지수 시가 | M4: 사유 | N4: 보유일 | O4: 수익률 (지수, 신호일 종가 → 청산가)
A5: 9 | B5: F0.309 하향이탈 + 62일선 하락 | C5: 롱 | D5: 37559 | E5: 82.97 | F5: 37560 | G5: 83.79 | H5: 74.67 | I5: 37564 | J5: 85.04 | K5: 37565 | L5: 85.03 | M5: 패턴 청산 | N5: 3 | O5: =IF(C5="롱",(J5-E5)/E5,(E5-J5)/E5) -> 0.024948777
A6: 9 | B6: F0.309 하향이탈 + 62일선 하락 | C6: 롱 | D6: 37565 | E6: 84.01 | F6: 37566 | G6: 85.21 | H6: 75.61 | I6: 37566 | J6: 86.4 | K6: 37567 | L6: 85.83 | M6: 패턴 청산 | N6: 1 | O6: =IF(C6="롱",(J6-E6)/E6,(E6-J6)/E6) -> 0.028448994
A7: 9 | B7: F0.309 하향이탈 + 62일선 하락 | C7: 롱 | D7: 37571 | E7: 83.15 | F7: 37572 | G7: 81.42 | H7: 74.84 | I7: 37575 | J7: 85.26 | K7: 37578 | L7: 85.25 | M7: 패턴 청산 | N7: 4 | O7: =IF(C7="롱",(J7-E7)/E7,(E7-J7)/E7) -> 0.025375827
A8: 9 | B8: F0.309 하향이탈 + 62일선 하락 | C8: 롱 | D8: 37736 | E8: 72.07 | F8: 37739 | G8: 71.14 | H8: 64.86 | I8: 37740 | J8: 76.15 | K8: 37741 | L8: 76.11 | M8: 패턴 청산 | N8: 2 | O8: =IF(C8="롱",(J8-E8)/E8,(E8-J8)/E8) -> 0.056611628
A9: 9 | B9: F0.309 하향이탈 + 62일선 하락 | C9: 롱 | D9: 39462 | E9: 220.91 | F9: 39463 | G9: 216.9 | H9: 198.82 | I9: 39524 | J9: 198.82 | K9: 39525 | L9: 201.19 | M9: 손절 | N9: 41 | O9: =IF(C9="롱",(J9-E9)/E9,(E9-J9)/E9) -> -0.099995473
A10: 9 | B10: F0.309 하향이탈 + 62일선 하락 | C10: 롱 | D10: 39758 | E10: 143.37 | F10: 39759 | G10: 138.29 | H10: 129.03 | I10: 39759 | J10: 148.44 | K10: 39762 | L10: 150.78 | M10: 패턴 청산 | N10: 1 | O10: =IF(C10="롱",(J10-E10)/E10,(E10-J10)/E10) -> 0.035363047
A11: 9 | B11: F0.309 하향이탈 + 62일선 하락 | C11: 롱 | D11: 39763 | E11: 147.67 | F11: 39764 | G11: 144.42 | H11: 132.9 | I11: 39771 | J11: 132.9 | K11: 39772 | L11: 125.91 | M11: 손절 | N11: 6 | O11: =IF(C11="롱",(J11-E11)/E11,(E11-J11)/E11) -> -0.10002032
A12: 9 | B12: F0.309 하향이탈 + 62일선 하락 | C12: 롱 | D12: 39772 | E12: 123.54 | F12: 39773 | G12: 121.31 | H12: 111.19 | I12: 39773 | J12: 130.76 | K12: 39776 | L12: 129.6 | M12: 패턴 청산 | N12: 1 | O12: =IF(C12="롱",(J12-E12)/E12,(E12-J12)/E12) -> 0.05844261
A13: 9 | B13: F0.309 하향이탈 + 62일선 하락 | C13: 롱 | D13: 39776 | E13: 126.02 | F13: 39777 | G13: 132.35 | H13: 113.42 | I13: 39778 | J13: 134.5 | K13: 39779 | L13: 138.55 | M13: 패턴 청산 | N13: 2 | O13: =IF(C13="롱",(J13-E13)/E13,(E13-J13)/E13) -> 0.067290906
A14: 9 | B14: F0.309 하향이탈 + 62일선 하락 | C14: 롱 | D14: 40870 | E14: 231.68 | F14: 40871 | G14: 230.7 | H14: 208.51 | I14: 40875 | J14: 236.59 | K14: 40876 | L14: 238.4 | M14: 패턴 청산 | N14: 3 | O14: =IF(C14="롱",(J14-E14)/E14,(E14-J14)/E14) -> 0.021193025
A15: 9 | B15: F0.309 하향이탈 + 62일선 하락 | C15: 롱 | D15: 41102 | E15: 234.66 | F15: 41103 | G15: 235.49 | H15: 216.21 | I15: 41103 | J15: 238.77 | K15: 41106 | L15: 239.81 | M15: 패턴 청산 | N15: 1 | O15: =IF(C15="롱",(J15-E15)/E15,(E15-J15)/E15) -> 0.017514702
A16: 9 | B16: F0.309 하향이탈 + 62일선 하락 | C16: 롱 | D16: 41115 | E16: 233.49 | F16: 41116 | G16: 234.75 | H16: 213.9 | I16: 41117 | J16: 242.23 | K16: 41120 | L16: 244.8 | M16: 패턴 청산 | N16: 2 | O16: =IF(C16="롱",(J16-E16)/E16,(E16-J16)/E16) -> 0.03743201
... A25: 9 | B25: F0.309 하향이탈 + 62일선 하락 | C25: 롱 | D25: 45219 | E25: 317.96 | F25: 45222 | G25: 317.43 | H25: 295.19 | I25: 45236 | J25: 334.16 | K25: 45237 | L25: 330.7 | M25: 패턴 청산 | N25: 11 | O25: =IF(C25="롱",(J25-E25)/E25,(E25-J25)/E25) -> 0.050949805

Sheet #10
A1: #10 21일선 돌파 + 변동성 중간 + 5일 수익 음수 | 청산: 종가 < 21일선
A2: 패턴 단독 시뮬 · 신호일 종가 진입, 청산 신호일 종가 청산(손절은 장중, 갭이면 시가) · 손절선 = 신호일 종가 - min(5 ATR20, 10%) · 장기선 248일 · 실제 ETF 매매는 다음 거래일 시가 (F열, K열)
A4: 패턴 | B4: 이름 | C4: 방향 | D4: 매수 신호일 (종가) | E4: 신호일 지수 종가 | F4: ETF 매수일 (다음 거래일 시가) | G4: 매수일 지수 시가 | H4: 지수 손절선 | I4: 청산 신호일 | J4: 청산 지수 (체결 기준) | K4: ETF 매도일 (다음 거래일 시가) | L4: 매도일 지수 시가 | M4: 사유 | N4: 보유일 | O4: 수익률 (지수, 신호일 종가 → 청산가)
A5: 10 | B5: 21일선 돌파 + 변동성 중간 + 5일 수익 음수 | C5: 롱 | D5: 37575 | E5: 85.26 | F5: 37578 | G5: 85.25 | H5: 76.73 | I5: 37601 | J5: 88.51 | K5: 37602 | L5: 89.12 | M5: 패턴 청산 | N5: 18 | O5: =IF(C5="롱",(J5-E5)/E5,(E5-J5)/E5) -> 0.038118696
A6: 10 | B6: 21일선 돌파 + 변동성 중간 + 5일 수익 음수 | C6: 롱 | D6: 37708 | E6: 70.77 | F6: 37711 | G6: 69.63 | H6: 63.69 | I6: 37711 | J6: 68.05 | K6: 37712 | L6: 67.19 | M6: 패턴 청산 | N6: 1 | O6: =IF(C6="롱",(J6-E6)/E6,(E6-J6)/E6) -> -0.038434365
A7: 10 | B7: 21일선 돌파 + 변동성 중간 + 5일 수익 음수 | C7: 롱 | D7: 37965 | E7: 102.69 | F7: 37966 | G7: 103 | H7: 92.42 | I7: 37966 | J7: 102.12 | K7: 37967 | L7: 104.2 | M7: 패턴 청산 | N7: 1 | O7: =IF(C7="롱",(J7-E7)/E7,(E7-J7)/E7) -> -0.0055506865
A8: 10 | B8: 21일선 돌파 + 변동성 중간 + 5일 수익 음수 | C8: 롱 | D8: 38314 | E8: 111.18 | F8: 38315 | G8: 110.97 | H8: 100.8 | I8: 38317 | J8: 110.68 | K8: 38320 | L8: 111.08 | M8: 패턴 청산 | N8: 3 | O8: =IF(C8="롱",(J8-E8)/E8,(E8-J8)/E8) -> -0.0044972117
A9: 10 | B9: 21일선 돌파 + 변동성 중간 + 5일 수익 음수 | C9: 롱 | D9: 38336 | E9: 111.87 | F9: 38337 | G9: 112.04 | H9: 101.25 | I9: 38426 | J9: 127.95 | K9: 38427 | L9: 127.64 | M9: 패턴 청산 | N9: 59 | O9: =IF(C9="롱",(J9-E9)/E9,(E9-J9)/E9) -> 0.14373827
A10: 10 | B10: 21일선 돌파 + 변동성 중간 + 5일 수익 음수 | C10: 롱 | D10: 38586 | E10: 144.4 | F10: 38587 | G10: 144.61 | H10: 133.83 | I10: 38588 | J10: 141.27 | K10: 38589 | L10: 140.12 | M10: 패턴 청산 | N10: 2 | O10: =IF(C10="롱",(J10-E10)/E10,(E10-J10)/E10) -> -0.0216759
A11: 10 | B11: 21일선 돌파 + 변동성 중간 + 5일 수익 음수 | C11: 롱 | D11: 38804 | E11: 172.77 | F11: 38805 | G11: 171.12 | H11: 158.57 | I11: 38852 | J11: 183.08 | K11: 38853 | L11: 183.32 | M11: 패턴 청산 | N11: 32 | O11: =IF(C11="롱",(J11-E11)/E11,(E11-J11)/E11) -> 0.059674712
A12: 10 | B12: 21일선 돌파 + 변동성 중간 + 5일 수익 음수 | C12: 롱 | D12: 39114 | E12: 179.1 | F12: 39115 | G12: 179.58 | H12: 166.68 | I12: 39141 | J12: 183.2 | K12: 39143 | L12: 181.87 | M12: 패턴 청산 | N12: 18 | O12: =IF(C12="롱",(J12-E12)/E12,(E12-J12)/E12) -> 0.022892239
A13: 10 | B13: 21일선 돌파 + 변동성 중간 + 5일 수익 음수 | C13: 롱 | D13: 39160 | E13: 186.31 | F13: 39161 | G13: 187.02 | H13: 172.36 | I13: 39260 | J13: 220.35 | K13: 39261 | L13: 221.93 | M13: 패턴 청산 | N13: 69 | O13: =IF(C13="롱",(J13-E13)/E13,(E13-J13)/E13) -> 0.18270624
A14: 10 | B14: 21일선 돌파 + 변동성 중간 + 5일 수익 음수 | C14: 롱 | D14: 39513 | E14: 214.92 | F14: 39514 | G14: 212.84 | H14: 193.43 | I14: 39514 | J14: 210.57 | K14: 39517 | L14: 206.7 | M14: 패턴 청산 | N14: 1 | O14: =IF(C14="롱",(J14-E14)/E14,(E14-J14)/E14) -> -0.020240089
A15: 10 | B15: 21일선 돌파 + 변동성 중간 + 5일 수익 음수 | C15: 롱 | D15: 39932 | E15: 172.08 | F15: 39933 | G15: 174.04 | H15: 154.87 | I15: 39959 | J15: 174.77 | K15: 39960 | L15: 177.63 | M15: 패턴 청산 | N15: 17 | O15: =IF(C15="롱",(J15-E15)/E15,(E15-J15)/E15) -> 0.015632264
A16: 10 | B16: 21일선 돌파 + 변동성 중간 + 5일 수익 음수 | C16: 롱 | D16: 40483 | E16: 247.41 | F16: 40484 | G16: 247.02 | H16: 231.62 | I16: 40499 | J16: 247.3 | K16: 40500 | L16: 248.92 | M16: 패턴 청산 | N16: 12 | O16: =IF(C16="롱",(J16-E16)/E16,(E16-J16)/E16) -> -0.00044460612
... A36: 10 | B36: 21일선 돌파 + 변동성 중간 + 5일 수익 음수 | C36: 롱 | D36: 46269 | E36: 1051.52 | F36: 46272 | G36: 1090.72 | H36: 946.37 | I36: 46279 | J36: 1050.83 | K36: 46280 | L36: 1047.75 | M36: 패턴 청산 | N36: 6 | O36: =IF(C36="롱",(J36-E36)/E36,(E36-J36)/E36) -> -0.00065619294

Sheet #11
A1: #11 [숏] 21일선 이탈 + 5일·20일 수익 양수 | 청산: 종가 > 21일선 (환매)
A2: 패턴 단독 시뮬 · 신호일 종가 진입, 청산 신호일 종가 청산(손절은 장중, 갭이면 시가) · 손절선 = 신호일 종가 - min(5 ATR20, 10%) · 장기선 248일 · 실제 ETF 매매는 다음 거래일 시가 (F열, K열)
A4: 패턴 | B4: 이름 | C4: 방향 | D4: 매수 신호일 (종가) | E4: 신호일 지수 종가 | F4: ETF 매수일 (다음 거래일 시가) | G4: 매수일 지수 시가 | H4: 지수 손절선 | I4: 청산 신호일 | J4: 청산 지수 (체결 기준) | K4: ETF 매도일 (다음 거래일 시가) | L4: 매도일 지수 시가 | M4: 사유 | N4: 보유일 | O4: 수익률 (지수, 신호일 종가 → 청산가)
A5: 11 | B5: [숏] 21일선 이탈 + 5일·20일 수익 양수 | C5: 숏 | D5: 37512 | E5: 90.3 | F5: 37515 | G5: 90.72 | H5: 99.33 | I5: 37547 | J5: 84.5 | K5: 37550 | L5: 83.9 | M5: 패턴 청산 | N5: 23 | O5: =IF(C5="롱",(J5-E5)/E5,(E5-J5)/E5) -> 0.064230343
A6: 11 | B6: [숏] 21일선 이탈 + 5일·20일 수익 양수 | C6: 숏 | D6: 38770 | E6: 173.26 | F6: 38771 | G6: 174.29 | H6: 190.59 | I6: 38771 | J6: 176.18 | K6: 38772 | L6: 176.61 | M6: 패턴 청산 | N6: 1 | O6: =IF(C6="롱",(J6-E6)/E6,(E6-J6)/E6) -> -0.016853284
A7: 11 | B7: [숏] 21일선 이탈 + 5일·20일 수익 양수 | C7: 숏 | D7: 38922 | E7: 163.93 | F7: 38923 | G7: 165.8 | H7: 179.78 | I7: 38923 | J7: 166.25 | K7: 38924 | L7: 166.88 | M7: 패턴 청산 | N7: 1 | O7: =IF(C7="롱",(J7-E7)/E7,(E7-J7)/E7) -> -0.014152382
A8: 11 | B8: [숏] 21일선 이탈 + 5일·20일 수익 양수 | C8: 숏 | D8: 39444 | E8: 241.27 | F8: 39449 | G8: 240.47 | H8: 265.4 | I8: 39483 | J8: 216.91 | K8: 39489 | L8: 210.41 | M8: 패턴 청산 | N8: 25 | O8: =IF(C8="롱",(J8-E8)/E8,(E8-J8)/E8) -> 0.10096572
A9: 11 | B9: [숏] 21일선 이탈 + 5일·20일 수익 양수 | C9: 숏 | D9: 39601 | E9: 236.78 | F9: 39602 | G9: 234.83 | H9: 256.47 | I9: 39652 | J9: 203.64 | K9: 39653 | L9: 205.12 | M9: 패턴 청산 | N9: 36 | O9: =IF(C9="롱",(J9-E9)/E9,(E9-J9)/E9) -> 0.13996115
A10: 11 | B10: [숏] 21일선 이탈 + 5일·20일 수익 양수 | C10: 숏 | D10: 39678 | E10: 200.97 | F10: 39679 | G10: 199.24 | H10: 221.07 | I10: 39710 | J10: 188.31 | K10: 39713 | L10: 190.4 | M10: 패턴 청산 | N10: 23 | O10: =IF(C10="롱",(J10-E10)/E10,(E10-J10)/E10) -> 0.062994477
A11: 11 | B11: [숏] 21일선 이탈 + 5일·20일 수익 양수 | C11: 숏 | D11: 39846 | E11: 149 | F11: 39847 | G11: 149.71 | H11: 163.9 | I11: 39847 | J11: 151.42 | K11: 39848 | L11: 154.2 | M11: 패턴 청산 | N11: 1 | O11: =IF(C11="롱",(J11-E11)/E11,(E11-J11)/E11) -> -0.016241611
A12: 11 | B12: [숏] 21일선 이탈 + 5일·20일 수익 양수 | C12: 숏 | D12: 40752 | E12: 280.04 | F12: 40753 | G12: 280.52 | H12: 297.82 | I12: 40756 | J12: 282.36 | K12: 40757 | L12: 279.54 | M12: 패턴 청산 | N12: 2 | O12: =IF(C12="롱",(J12-E12)/E12,(E12-J12)/E12) -> -0.0082845308
A13: 11 | B13: [숏] 21일선 이탈 + 5일·20일 수익 양수 | C13: 숏 | D13: 40808 | E13: 232.05 | F13: 40809 | G13: 223.64 | H13: 255.26 | I13: 40823 | J13: 230.27 | K13: 40826 | L13: 230.64 | M13: 패턴 청산 | N13: 10 | O13: =IF(C13="롱",(J13-E13)/E13,(E13-J13)/E13) -> 0.0076707606
A14: 11 | B14: [숏] 21일선 이탈 + 5일·20일 수익 양수 | C14: 숏 | D14: 40903 | E14: 242.64 | F14: 40904 | G14: 242.69 | H14: 265.92 | I14: 40911 | J14: 245.82 | K14: 40912 | L14: 246.89 | M14: 패턴 청산 | N14: 5 | O14: =IF(C14="롱",(J14-E14)/E14,(E14-J14)/E14) -> -0.013105836
A15: 11 | B15: [숏] 21일선 이탈 + 5일·20일 수익 양수 | C15: 숏 | D15: 40974 | E15: 262.85 | F15: 40975 | G15: 258.65 | H15: 280.26 | I15: 40977 | J15: 265.62 | K15: 40980 | L15: 265.67 | M15: 패턴 청산 | N15: 3 | O15: =IF(C15="롱",(J15-E15)/E15,(E15-J15)/E15) -> -0.01053833
A16: 11 | B16: [숏] 21일선 이탈 + 5일·20일 수익 양수 | C16: 숏 | D16: 41096 | E16: 245.07 | F16: 41099 | G16: 242.36 | H16: 262.96 | I16: 41117 | J16: 242.23 | K16: 41120 | L16: 244.8 | M16: 패턴 청산 | N16: 15 | O16: =IF(C16="롱",(J16-E16)/E16,(E16-J16)/E16) -> 0.011588526
... A32: 11 | B32: [숏] 21일선 이탈 + 5일·20일 수익 양수 | C32: 숏 | D32: 45975 | E32: 563.43 | F32: 45978 | G32: 574.43 | H32: 619.77 | I32: 45978 | J32: 576.65 | K32: 45979 | L32: 569.37 | M32: 패턴 청산 | N32: 1 | O32: =IF(C32="롱",(J32-E32)/E32,(E32-J32)/E32) -> -0.023463429
